<?xml version="1.0" encoding="utf-8"?>
<extension version="3.6" type="template" client="site" method="upgrade">
	<name>cvstart</name>
	<version>1.6.7</version>
	<creationDate>November, 27th 2016</creationDate>
	<author>Alexon Balangue</author>
	<authorUrl>www.alexonbalangue.me</authorUrl>
	<authorEmail>moi.sites@alexonbalangue.me</authorEmail>
	<copyright>Copyright (C) 2016 Alexon Balangue. All rights reserved.</copyright>
	<description>TPL_CVSTART_XML_DESCRIPTION</description>
	<files>
		<filename>component.php</filename>
		<filename>error.php</filename>
		<filename>offline.php</filename>
		<filename>favicon.ico</filename>
		<filename>index.php</filename>
		<filename>index.html</filename>
		<filename>templateDetails.xml</filename>
		<filename>template_preview.png</filename>
		<filename>template_thumbnail.png</filename>
		<folder>assets</folder>
		<folder>html</folder>
		<folder>language</folder>
	</files>
	<positions>
		<position>bs2-portfolio</position>
		<position>bs2-information</position>
		<position>bs2-download</position>
		<position>bs2-project</position>
		<position>bs2-boutique</position>
		<position>bs2-translator</position>
		<position>bs2-breadcrumb</position>
		<position>bs2-translator</position>
		<position>bs2-login-left</position>
		<position>bs2-login-right</position>
		<position>bs2-contact</position>
		<position>bs2-payment</position>
		<position>bs2-footer1</position>
		<position>bs2-footer2</position>
		<position>bs2-footer3</position>
		<position>bs2-footer4</position>
	<!-- Boostrap3 - home -->
		<position>bs3-portfolio</position>
		<position>bs3-information</position>
		<position>bs3-download</position>
		<position>bs3-project</position>
		<position>bs3-boutique</position>
		<position>bs3-translator</position>
		<position>bs3-breadcrumb</position>
		<position>bs3-translator</position>
		<position>bs3-login</position>
		<position>bs3-subscribe</position>
		<position>bs3-contact</position>
		<position>bs3-payment</position>
		<position>bs3-footer1</position>
		<position>bs3-footer2</position>
		<position>bs3-footer3</position>
		<position>bs3-footer4</position>
	<!-- amp - home -->
		<position>amp-portfolio</position>
		<position>amp-information</position>
		<position>amp-download</position>
		<position>amp-project</position>
		<position>amp-boutique</position>
		<position>amp-translator</position>
		<position>amp-breadcrumb</position>
		<position>amp-translator</position>
		<position>amp-login</position>
		<position>amp-subscribe</position>
		<position>amp-contact</position>
		<position>amp-payment</position>
		<position>amp-footer1</position>
		<position>amp-footer2</position>
		<position>amp-footer3</position>
		<position>amp-footer4</position>
	<!-- Foundation - home -->
		<position>fi-portfolio</position>
		<position>fi-information</position>
		<position>fi-download</position>
		<position>fi-project</position>
		<position>fi-boutique</position>
		<position>fi-translator</position>
		<position>fi-breadcrumb</position>
		<position>fi-translator</position>
		<position>fi-login</position>
		<position>fi-subscribe</position>
		<position>fi-contact</position>
		<position>fi-payment</position>
		<position>fi-footer1</position>
		<position>fi-footer2</position>
		<position>fi-footer3</position>
		<position>fi-footer4</position>
	<!-- MetroUI - home -->
		<position>mui-portfolio</position>
		<position>mui-information</position>
		<position>mui-download</position>
		<position>mui-project</position>
		<position>mui-boutique</position>
		<position>mui-translator</position>
		<position>mui-breadcrumb</position>
		<position>mui-translator</position>
		<position>mui-login</position>
		<position>mui-subscribe</position>
		<position>mui-contact</position>
		<position>mui-payment</position>
		<position>mui-footer1</position>
		<position>mui-footer2</position>
		<position>mui-footer3</position>
		<position>mui-footer4</position>
	<!-- base and advestising -->
		<position>cvstart_menu</position>
		<position>banner-footer</position>
		<position>banner-mfooter</position>
		<position>banner-header</position>
		<position>banner-mheader</position>
		<position>sidebar-right</position>
		<position>sidebar-left</position>
		<position>footer</position>
		<position>referencer</position>
		<position>debug</position>
	</positions>
	<languages folder="language">
		<language tag="en-GB">en-GB/en-GB.tpl_cvstart.ini</language>
		<language tag="en-GB">en-GB/en-GB.tpl_cvstart.sys.ini</language>
		<language tag="fr-FR">fr-FR/fr-FR.tpl_cvstart.ini</language>
		<language tag="fr-FR">fr-FR/fr-FR.tpl_cvstart.sys.ini</language>
	</languages>
	<config>
		<fields name="params">
			<fieldset name="advanced">
				<field name="groups-html"
					type="list"
					default=""
					label="TPL_CVSTART_METHODHTML_LABEL"
					description="TPL_CVSTART_METHODHTML_DESC">
						<option value="">Neutral (without design)</option>
						<option value="boostrap2-home">Boostrap V2.3.2 (Home)</option>
						<option value="boostrap2-component">Boostrap V2.3.2 (Component)</option>
						<option value="boostrap3-home">Boostrap V3.3.7 (Home)</option>
						<option value="boostrap3-component">Boostrap V3.3.7 (Component)</option>
						<!--<option value="amp-home">AMP (Home)Pending</option>
						<option value="amp-component">AMP (Component)Pending</option>-->
				</field>
				<field name="groups-script"
					type="list"
					default="boostrap3"
					label="TPL_CVSTART_METHODSCRIPT_LABEL"
					description="TPL_CVSTART_METHODSCRIPT_DESC">
						<option value="boostrap2">Boostrap V2.3.2</option>
						<option value="boostrap3">Boostrap V3.3.x</option>
						<option value="amp">AMP-HTML+Boostrap3</option>
				</field>
				<field name="groups-method"
					type="list"
					default="production"
					label="TPL_CVSTART_METHODDESIGNER_LABEL"
					description="TPL_CVSTART_METHODDESIGNER_DESC">
						<option value="custom">TPL_CVSTART_METHODDESIGNER_OPTION_CUSTOM</option>
						<option value="production">TPL_CVSTART_METHODDESIGNER_OPTION_PROD</option>
				</field>
			</fieldset>
			<fieldset name="AMP-HTMLviews" label="AMP-HTML views">
				<field name="ampHTML"
					type="radio"
					class="btn-group btn-group-yesno"
					default=""
					label="AMP-HTML"
					description="TPL_CVSTART_AMPHTML_DESC">
						<option value="amp">JYes</option>
						<option value="">JNo</option>
				</field>
			</fieldset>
			<fieldset name="Hidding" label="Hidding support">
				<field name="Pages-js-default"
					type="radio"
					class="btn-group btn-group-yesno"
					default=""
					label="TPL_CVSTART_HIDEJSDEFAULT_LABEL"
					description="TPL_CVSTART_HIDEJSDEFAULT_DESC">
						<option value="">Keep default</option>
						<option value="home">home</option>
						<option value="component">Component</option>
				</field>
				<field name="ampHTMLbeta"
					type="radio"
					class="btn-group btn-group-yesno"
					default="0"
					label="not yet"
					description="TPL_CVSTART_XXXX_DESC">
						<option value="1">JYes</option>
						<option value="0">JNo</option>
				</field>
			</fieldset>
			<fieldset name="TPLCVStart" label="Edit templates">
				<field name="logoFile" class="" type="media" default=""
					label="TPL_CVSTART_LOGO_LABEL"
					description="TPL_CVSTART_LOGO_LABEL" />
				<field name="myskills"  type="text" default=""
					label="TPL_CVSTART_SKILLS_DESC"
					description="TPL_CVSTART_SKILLS_DESC"
					filter="string" />			
				<field name="homme_femme"  type="list" default=""
					label="TPL_CVSTART_MR_MRS_LABEL"
					description="TPL_CVSTART_MR_MRS_DESC">
						<option value="">Choix/Choose</option>
						<option value="Mr.">Mister (english)</option>
						<option value="Mrs.">madam (english)</option>
						<option value="Ms.">Miss (english)</option>
						<option value="M.">Monsieur (French)</option>
						<option value="Mme.">Madame (French)</option>
						<option value="Mlle.">Mademoiselle (French)</option>
				</field>
			</fieldset>
		</fields>
	</config>

	<updateservers>
		<server type="collection" priority="1" name="Accredited by Alexon Balangue">https://jupdates.alexonbalangue.me/update/joomla/general.xml</server>
		<server type="extension" priority="2" name="TPL - cvstart">https://jupdates.alexonbalangue.me/update/joomla/xml/tpl_cvstart.xml</server>
	</updateservers>
</extension>
